<beans:beans xmlns="http://www.springframework.org/schema/security"
  xmlns:xsi="http://www.w3.org/2001/XMLSchema-instance"
  xmlns:beans="http://www.springframework.org/schema/beans"
  xsi:schemaLocation="
      http://www.springframework.org/schema/security 
      http://www.springframework.org/schema/security/spring-security-4.1.xsd
      http://www.springframework.org/schema/beans  
	  http://www.springframework.org/schema/beans/spring-beans-4.1.xsd">
      
    <http auto-config="true"  use-expressions="true">
    	<form-login login-page="/login.jsp"></form-login>
        <intercept-url pattern="/welcome*" access="ROLE_USER" />
        <logout/>
    </http>
 
    <authentication-manager alias="authenticationManager">
        <authentication-provider>
            <user-service>
                <user name="admin" password="admin" authorities="ROLE_USER,ROLE_ADMIN" />
                 <user name="root" password="root" authorities="ROLE_USER" />
                  <user name="Indrajit" password="Indrajit" authorities="ROLE_USER" />
            </user-service>
        </authentication-provider>
    </authentication-manager>
  
</beans:beans>